{
  "N": 5,
  "HR@k_mean": 0.6,
  "RA_mean": 1.0,
  "GAA_mean": 0.8,
  "EM_mean": 0.4,
  "F1_token_overlap_mean": 0.7586206896551724,
  "Evidence_precision_mean": 0.14666666666666667,
  "Evidence_recall_mean": 0.6,
  "Evidence_f1_mean": 0.23333333333333334,
  "Faithfulness_mean": 1.0,
  "Attribution_accuracy_mean": 0.14666666666666667,
  "Hallucination_rate_mean": 0.0,
  "Latency_mean_s": 10.374664497375488,
  "Latency_p95_s": 13.0982027053833,
  "HR@k_CI95_low": 0.2,
  "HR@k_CI95_high": 1.0,
  "RA_CI95_low": 1.0,
  "RA_CI95_high": 1.0,
  "GAA_CI95_low": 0.4,
  "GAA_CI95_high": 1.0
}