{
  "RA": 0.825,
  "HR@k": 1,
  "GAA": 0.6166666666666667,
  "precision": 0.8409090909090909,
  "recall": 0.6166666666666667,
  "f1": 0.7115384615384616,
  "roc_auc": 0.8983333333333334,
  "latency_mean": 8.58692095041275,
  "latency_p95": 16.00423288345337
}