Metric,Mean,CI95
HR@k,0.6,"[0.200, 1.000]"
RA,1.0,"[1.000, 1.000]"
GAA,0.8,"[0.400, 1.000]"
"Latency (mean, s)",8.859280776977538,-
"Latency (p95, s)",10.471765279769897,-
