feature,coef
faiss_max,2.5343770311167595
faiss_gap,-0.0388880517420414
faiss_hits,0.11799854356683098
kg_best,0.3646334416605994
kg_support,-1.4434693769710774
kg_claims,0.6571221495851165
keyword_cov,0.01209960598967358
evidence_tokens,-0.0025851446893346824
num_sources,0.11799854356686737
